{"formula": ["Ca2 Mn2 Si2", "Rb2 Mn2 P2", "Tm1 Co2 B2 C1", "Tm2 Co4 B4 C2", "Tm2 Co4 B4 C2", "Zr2 Se6", "Zr2 Se6", "Zr2 Se6", "Ta1 S2", "Ta2 Te8 Ir2", "Ta2 Te8 Ir2", "W1 Se2", "K4 Se10", "Ti1 Te2", "Ga2 Se2", "Li8 O2", "Ta1 S2", "Rb2 Mn2 As2", "K2 Mn2 P2", "Zr1 Se2", "Zr1 Se2", "Zr1 Se2", "In2 Se4", "Sn2 O2", "Pt2 Pb1", "Te4 Mo2", "Te4 Mo2", "Tl2 Ag1 Te2", "Li1 Ti2 S4", "Pb2 O2", "K2 Mn2 P2", "K2 Mn2 P2", "Pb4 S4", "Pb4 S4", "Zr2 Te6", "Fe2 Te2", "V1 Cl2", "Pt2 Pb1", "Mn2 Bi1", "Ga2 Te2", "Ti1 Se2", "Nb1 Se2", "Nb1 S2", "Yb1 Se1", "Yb1 Se1", "Au1 Se2", "Fe1 Te2", "Rb1 Nd2 Se2", "Rb1 Nd2 Se2", "Ba1 O2"], "spg_symbol": ["P4/n2_1/m2/m", "P4/n2_1/m2/m", "I4/m2/m2/m", "I4/m2/m2/m", "P4mm", "P12_1/m1", "P1", "P1m1", "P-32/m1", "P1m1", "P12_1/m1", "P-6m2", "P12_11", "P-32/m1", "P-6m2", "P4/m2/m2/m", "P-6m2", "P4/n2_1/m2/m", "P4/n2_1/m2/m", "P-32/m1", "C12/m1", "P3m1", "P-32/m1", "P4/n2_1/m2/m", "P-32/m1", "P12_1/m1", "P1m1", "P-4m2", "P-32/m1", "P4/n2_1/m2/m", "P2_1/m2_1/m2/n", "P1m1", "Aem2", "P4/n2_1/m2/m", "P12_1/m1", "P4/n2_1/m2/m", "P-32/m1", "C12/m1", "P-32/m1", "P-6m2", "P-6m2", "P-32/m1", "P-6m2", "P-6m2", "Amm2", "P-32/m1", "P-32/m1", "P-32/m1", "C121", "P4/m2/m2/m"], "a": [3.85943, 3.83732, 3.48342, 3.48665, 3.48665, 5.46972, 5.46972, 5.46972, 3.37829, 3.83814, 3.81039, 3.327075, 6.67339, 3.779461, 3.817601, 4.6588, 3.34212, 4.20496, 3.793, 3.797418, 3.783258, 3.797418, 4.06444, 3.8706, 3.87355, 6.35848, 6.35848, 3.56919, 3.42113, 4.06248, 3.82701, 3.77045, 6.01116, 5.97671, 5.95481, 3.63274, 3.65533, 2.902238, 4.12585, 4.1346, 3.43765, 3.501546, 3.360976, 4.753243, 4.735519, 4.15205, 4.10453, 4.156482, 4.156482, 3.74182], "b": [3.85943, 3.83732, 3.48342, 3.48665, 3.48665, 3.77159, 3.77159, 3.77159, 3.378283, 12.63317, 12.56411, 3.327075, 6.94831, 3.779461, 3.817601, 4.6588, 3.342119, 4.20496, 3.793, 3.797418, 3.783258, 3.797418, 4.064433, 3.8706, 3.873545, 3.47783, 3.47783, 3.56919, 3.421123, 4.06248, 3.77045, 3.77045, 6.02296, 5.97702, 3.97636, 3.63274, 3.655329, 2.902238, 4.125852, 4.134601, 3.437659, 3.501546, 3.360976, 4.753243, 4.735519, 4.152047, 4.104535, 4.156482, 4.156482, 3.74182], "c": [27.72391, 29.18767, 5.754212, 10.40624, 10.40624, 30.938282, 30.938282, 30.938282, 27.95286, 25.04698, 25.04698, 35.06895, 29.81257, 30.81694, 37.75046, 24.6588, 25.76023, 28.06451, 30.47835, 30.68691, 30.68691, 30.68691, 30.71218, 30.05045, 24.45822, 33.31352, 33.31352, 31.02073, 31.58187, 28.30234, 30.47835, 30.47835, 32.37019, 32.37019, 31.50662, 27.0295, 26.08597, 24.45822, 24.82822, 26.42557, 24.88683, 26.73855, 33.39379, 23.87024, 23.87024, 25.62641, 25.16237, 29.0799, 29.0799, 25.9783], "alpha": [90.0, 90.0, 107.6189, 90.0, 90.0, 90.0, 90.0, 90.0, 90.0, 90.0, 90.0, 90.0, 90.0, 90.0, 90.0, 90.0, 90.0, 90.0, 90.0, 90.0, 90.0, 90.0, 90.0, 90.0, 90.0, 90.0, 90.0, 90.0, 90.0, 90.0, 90.0, 90.0, 90.0, 90.0, 90.0, 90.0, 90.0, 90.0, 90.0, 90.0, 90.0, 90.0, 90.0, 90.0, 90.0, 90.0, 90.0, 90.0, 90.0, 90.0], "beta": [90.0, 90.0, 107.6189, 90.0, 90.0, 92.7759, 92.7759, 92.7759, 90.0, 90.0, 90.0, 90.0, 90.0, 90.0, 90.0, 90.0, 90.0, 90.0, 90.0, 90.0, 90.0, 90.0, 90.0, 90.0, 90.0, 90.0, 90.0, 90.0, 90.0, 90.0, 90.0, 90.0, 90.0, 90.0, 96.9631, 90.0, 90.0, 90.0, 90.0, 90.0, 90.0, 90.0, 90.0, 90.0, 90.0, 90.0, 90.0, 90.0, 90.0, 90.0], "gama": [90.0, 90.0, 90.0, 90.0, 90.0, 90.0, 90.0, 90.0, 120.0, 90.0, 90.0, 119.9999, 90.0, 120.0, 120.0, 90.0, 120.0, 90.0, 90.0, 120.0, 120.747, 120.0, 120.0001, 90.0, 120.0, 90.0, 90.0, 90.0, 120.0, 90.0, 90.0, 90.0, 90.0, 90.0, 90.0, 90.0, 119.9999, 120.7472, 120.0001, 120.0, 120.0, 120.0001, 119.9999, 120.0, 120.7471, 119.9999, 120.0, 120.0, 120.0, 90.0]}